[
    {
        "pid":"1234",
        "color":"white",
        "shape":"shape1",
        "direction":"direction1",
        "image":"https://cube.elemecdn.com/0/88/03b0d39583f48206768a7534e55bcpng.png"
    },
    {
        "pid":"1234",
        "color":"black",
        "shape":"shape2",
        "direction":"direction1",
        "image":"https://cube.elemecdn.com/0/88/03b0d39583f48206768a7534e55bcpng.png"
    },
    {
        "pid":"4567",
        "color":"white",
        "shape":"shape3",
        "direction":"direction1",
        "image":"https://cube.elemecdn.com/0/88/03b0d39583f48206768a7534e55bcpng.png"
    },
    {
        "pid":"1234",
        "color":"white",
        "shape":"shape2",
        "direction":"direction1",
        "image":"https://cube.elemecdn.com/0/88/03b0d39583f48206768a7534e55bcpng.png"
    }
]