[
    {
        "type":"tag",
        "name":"div",
        "hasText":false,
        "attrs":{
            "style":"padding: 20px;background-image: url(https://assets.shencut.com/images/product/index-banner-180926.jpg);background-size: cover;flex: 1;max-width: 600px;margin: 0 auto 40px auto;",
            "class":"part-1",
            "@click":"clickThis($event)"
        },
        "children":[
            {
                "type":"tag",
                "name":"p",
                "hasText":true,
                "text":"文本啊哈哈哈哈哈",
                "attrs":{
                    "style":"font-size: 20px; font-weight: bold; text-align: center;color: #ff0000;",
                    "class":"dom-p",
                    "@click":"clickThis($event)"
                }
            },
            {
                "type":"tag",
                "name":"img",
                "hasText":true,
                "text":"文本啊哈哈哈哈哈",
                "attrs":{
                    "style":"max-width: 100%;",
                    "src":"https://drfone.wondershare.com/images2019/home-mac-pic.png",
                    "class":"dom-p",
                    "@click":"clickThis($event)"
                }
            }
        ]
    },
    {
        "type":"tag",
        "name":"div",
        "hasText":false,
        "attrs":{
            "style":"padding: 20px;background-image: url(https://assets.shencut.com/dist/imgs/business-home-page-pc/top-banner.png);background-size: cover;flex: 1;max-width: 600px;margin: 0 auto;",
            "class":"part-1",
            "@click":"clickThis($event)"
        },
        "children":[
            {
                "type":"tag",
                "name":"img",
                "hasText":true,
                "text":"文本啊哈哈哈哈哈",
                "attrs":{
                    "style":"font-size: 20px; font-weight: bold; text-align: center;",
                    "src":"http://thirdqq.qlogo.cn/g?b=oidb&k=ykfLDdHib0pLWTj7SBHljibQ&s=100&t=1569382579",
                    "class":"dom-p",
                    "@click":"clickThis($event)"
                }
            },
            {
                "type":"tag",
                "name":"button",
                "hasText":true,
                "text":"我是按钮",
                "attrs":{
                    "style":"font-size: 20px; font-weight: bold; text-align: center;",
                    "class":"dom-p",
                    "@click":"clickThis($event)"
                }
            }
        ]
    }
]